,class,cap-shape,cap-surface,cap-color,bruises,odor,gill-attachment,gill-spacing,gill-size,gill-color,stalk-shape,stalk-root,stalk-surface-above-ring,stalk-surface-below-ring,stalk-color-above-ring,stalk-color-below-ring,veil-type,veil-color,ring-number,ring-type,spore-print-color,population,habitat
4023,p,x,y,e,f,y,f,c,n,b,t,?,k,s,w,w,p,w,o,e,w,v,p
4100,p,x,y,e,f,y,f,c,n,b,t,?,k,s,p,p,p,w,o,e,w,v,d
4196,p,x,y,n,f,y,f,c,n,b,t,?,k,k,p,p,p,w,o,e,w,v,d
4200,p,x,y,n,f,y,f,c,n,b,t,?,s,k,p,w,p,w,o,e,w,v,l
4376,p,x,y,n,f,y,f,c,n,b,t,?,s,k,w,p,p,w,o,e,w,v,d
4429,p,x,y,n,f,y,f,c,n,b,t,?,k,s,w,p,p,w,o,e,w,v,d
4498,p,x,y,n,f,y,f,c,n,b,t,?,s,k,p,p,p,w,o,e,w,v,p
4610,p,x,y,n,f,y,f,c,n,b,t,?,s,s,p,w,p,w,o,e,w,v,d
4903,p,x,y,e,f,y,f,c,n,b,t,?,k,k,p,w,p,w,o,e,w,v,p
4904,p,x,y,e,f,y,f,c,n,b,t,?,k,k,p,w,p,w,o,e,w,v,l
4986,p,x,y,n,f,y,f,c,n,b,t,?,s,s,w,p,p,w,o,e,w,v,l
5051,p,x,y,e,f,y,f,c,n,b,t,?,k,k,w,w,p,w,o,e,w,v,l
5074,p,x,y,n,f,y,f,c,n,b,t,?,k,s,p,w,p,w,o,e,w,v,l
5105,p,x,y,n,f,y,f,c,n,b,t,?,s,k,w,w,p,w,o,e,w,v,d
5106,p,x,y,e,f,y,f,c,n,b,t,?,k,k,w,w,p,w,o,e,w,v,p
5116,p,x,y,e,f,y,f,c,n,b,t,?,k,s,p,p,p,w,o,e,w,v,p
5133,p,x,y,n,f,y,f,c,n,b,t,?,k,s,p,p,p,w,o,e,w,v,d
5142,p,x,y,e,f,y,f,c,n,b,t,?,k,k,p,p,p,w,o,e,w,v,p
5147,p,x,y,n,f,y,f,c,n,b,t,?,k,s,w,w,p,w,o,e,w,v,d
5155,p,x,y,n,f,y,f,c,n,b,t,?,s,k,w,w,p,w,o,e,w,v,l
5186,p,x,y,e,f,y,f,c,n,b,t,?,k,s,w,w,p,w,o,e,w,v,d
5208,p,x,y,e,f,y,f,c,n,b,t,?,k,s,p,w,p,w,o,e,w,v,l
5212,p,x,y,n,f,y,f,c,n,b,t,?,s,s,p,p,p,w,o,e,w,v,d
5218,p,x,y,n,f,y,f,c,n,b,t,?,s,s,w,p,p,w,o,e,w,v,d
5245,p,x,y,n,f,y,f,c,n,b,t,?,s,s,w,w,p,w,o,e,w,v,p
5266,p,x,y,n,f,y,f,c,n,b,t,?,s,s,w,w,p,w,o,e,w,v,d
5267,p,x,y,n,f,y,f,c,n,b,t,?,s,s,w,w,p,w,o,e,w,v,l
5287,p,x,y,e,f,y,f,c,n,b,t,?,s,k,p,w,p,w,o,e,w,v,d
5292,p,x,y,e,f,y,f,c,n,b,t,?,k,k,w,p,p,w,o,e,w,v,d
5328,p,x,y,e,f,y,f,c,n,b,t,?,k,s,p,p,p,w,o,e,w,v,l
5346,p,x,y,n,f,y,f,c,n,b,t,?,s,k,w,p,p,w,o,e,w,v,l
5365,p,x,y,n,f,y,f,c,n,b,t,?,k,s,p,p,p,w,o,e,w,v,l
5402,p,x,y,e,f,y,f,c,n,b,t,?,k,k,p,w,p,w,o,e,w,v,d
5411,p,x,y,n,f,y,f,c,n,b,t,?,k,k,p,p,p,w,o,e,w,v,p
5440,p,x,y,n,f,y,f,c,n,b,t,?,k,k,p,w,p,w,o,e,w,v,d
5446,p,x,y,n,f,y,f,c,n,b,t,?,k,s,w,w,p,w,o,e,w,v,p
5448,p,x,y,n,f,y,f,c,n,b,t,?,k,s,w,p,p,w,o,e,w,v,p
5465,p,x,y,n,f,y,f,c,n,b,t,?,s,s,p,p,p,w,o,e,w,v,p
5469,p,x,y,n,f,y,f,c,n,b,t,?,k,k,w,p,p,w,o,e,w,v,d
5471,p,x,y,n,f,y,f,c,n,b,t,?,s,s,p,w,p,w,o,e,w,v,l
5473,p,x,y,e,f,y,f,c,n,b,t,?,k,s,p,w,p,w,o,e,w,v,d
5483,p,x,y,n,f,y,f,c,n,b,t,?,k,s,p,w,p,w,o,e,w,v,p
5501,p,x,y,n,f,y,f,c,n,b,t,?,s,k,w,p,p,w,o,e,w,v,p
5507,p,x,y,n,f,y,f,c,n,b,t,?,s,k,p,p,p,w,o,e,w,v,l
5511,p,x,y,e,f,y,f,c,n,b,t,?,k,k,w,p,p,w,o,e,w,v,l
5517,p,x,y,n,f,y,f,c,n,b,t,?,s,k,p,p,p,w,o,e,w,v,d
5530,p,x,y,n,f,y,f,c,n,b,t,?,k,k,w,p,p,w,o,e,w,v,p
5549,p,x,y,n,f,y,f,c,n,b,t,?,k,k,p,w,p,w,o,e,w,v,p
5554,p,x,y,n,f,y,f,c,n,b,t,?,s,k,w,w,p,w,o,e,w,v,p
5573,p,x,y,e,f,y,f,c,n,b,t,?,k,k,p,p,p,w,o,e,w,v,d
5583,p,x,y,n,f,y,f,c,n,b,t,?,s,k,p,w,p,w,o,e,w,v,p
5585,p,x,y,e,f,y,f,c,n,b,t,?,k,s,w,p,p,w,o,e,w,v,d
5589,p,x,y,n,f,y,f,c,n,b,t,?,k,k,w,w,p,w,o,e,w,v,l
5600,p,x,y,n,f,y,f,c,n,b,t,?,k,k,p,w,p,w,o,e,w,v,l
5615,p,x,y,e,f,y,f,c,n,b,t,?,s,k,w,p,p,w,o,e,w,v,p
5634,p,x,y,e,f,y,f,c,n,b,t,?,k,s,w,p,p,w,o,e,w,v,p
5644,p,x,y,e,f,y,f,c,n,b,t,?,k,s,p,w,p,w,o,e,w,v,p
5668,p,x,y,n,f,y,f,c,n,b,t,?,k,k,w,w,p,w,o,e,w,v,p
5673,p,x,y,e,f,y,f,c,n,b,t,?,s,k,p,p,p,w,o,e,w,v,d
5682,p,x,y,n,f,y,f,c,n,b,t,?,s,s,p,p,p,w,o,e,w,v,l
5690,p,x,y,e,f,y,f,c,n,b,t,?,s,k,p,w,p,w,o,e,w,v,l
5694,p,x,y,n,f,y,f,c,n,b,t,?,k,k,w,w,p,w,o,e,w,v,d
5709,p,x,y,e,f,y,f,c,n,b,t,?,s,k,p,w,p,w,o,e,w,v,p
5713,p,x,y,e,f,y,f,c,n,b,t,?,k,k,w,p,p,w,o,e,w,v,p
5721,p,x,y,n,f,y,f,c,n,b,t,?,k,s,p,w,p,w,o,e,w,v,d
5736,p,x,y,n,f,y,f,c,n,b,t,?,s,k,p,w,p,w,o,e,w,v,d
5761,p,x,y,n,f,y,f,c,n,b,t,?,k,s,w,p,p,w,o,e,w,v,l
5771,p,x,y,n,f,y,f,c,n,b,t,?,k,k,p,p,p,w,o,e,w,v,l
5780,p,x,y,n,f,y,f,c,n,b,t,?,k,k,w,p,p,w,o,e,w,v,l
5799,p,x,y,e,f,y,f,c,n,b,t,?,s,k,w,p,p,w,o,e,w,v,l
5817,p,x,y,n,f,y,f,c,n,b,t,?,k,s,w,w,p,w,o,e,w,v,l
5819,p,x,y,e,f,y,f,c,n,b,t,?,s,k,p,p,p,w,o,e,w,v,l
5864,p,x,y,e,f,y,f,c,n,b,t,?,s,k,p,p,p,w,o,e,w,v,p
5869,p,x,y,e,f,y,f,c,n,b,t,?,k,s,w,w,p,w,o,e,w,v,l
5884,p,x,y,e,f,y,f,c,n,b,t,?,k,k,w,w,p,w,o,e,w,v,d
5931,p,x,y,n,f,y,f,c,n,b,t,?,s,s,p,w,p,w,o,e,w,v,p
5932,p,x,y,n,f,y,f,c,n,b,t,?,s,s,w,p,p,w,o,e,w,v,p
5971,p,x,y,n,f,y,f,c,n,b,t,?,k,s,p,p,p,w,o,e,w,v,p
5973,p,x,y,e,f,y,f,c,n,b,t,?,k,k,p,p,p,w,o,e,w,v,l
5994,p,x,y,e,f,y,f,c,n,b,t,?,k,s,w,p,p,w,o,e,w,v,l
6006,p,k,y,n,f,y,f,c,n,b,t,?,k,s,p,p,p,w,o,e,w,v,l
6007,p,f,y,e,f,y,f,c,n,b,t,?,s,s,w,w,p,w,o,e,w,v,p
6014,p,f,s,e,f,y,f,c,n,b,t,?,k,k,w,p,p,w,o,e,w,v,l
6016,p,f,y,n,f,y,f,c,n,b,t,?,s,k,p,p,p,w,o,e,w,v,p
6019,p,k,s,n,f,y,f,c,n,b,t,?,s,k,p,p,p,w,o,e,w,v,p
6021,p,f,s,e,f,y,f,c,n,b,t,?,k,k,p,w,p,w,o,e,w,v,d
6023,p,k,s,e,f,y,f,c,n,b,t,?,s,s,p,p,p,w,o,e,w,v,p
6024,p,f,y,e,f,y,f,c,n,b,t,?,k,s,p,p,p,w,o,e,w,v,d
6026,p,f,s,e,f,y,f,c,n,b,t,?,k,k,w,w,p,w,o,e,w,v,d
6027,p,f,s,n,f,y,f,c,n,b,t,?,k,k,w,w,p,w,o,e,w,v,l
6029,p,f,s,e,f,y,f,c,n,b,t,?,s,s,w,p,p,w,o,e,w,v,l
6037,p,f,y,n,f,y,f,c,n,b,t,?,k,s,p,w,p,w,o,e,w,v,l
6039,p,f,s,n,f,y,f,c,n,b,t,?,k,k,p,p,p,w,o,e,w,v,d
6041,p,f,y,e,f,y,f,c,n,b,t,?,s,s,p,p,p,w,o,e,w,v,d
6043,p,f,y,e,f,y,f,c,n,b,t,?,s,k,w,p,p,w,o,e,w,v,p
6044,p,f,s,n,f,y,f,c,n,b,t,?,k,s,w,w,p,w,o,e,w,v,l
6045,p,x,y,e,f,y,f,c,n,b,t,?,s,k,w,w,p,w,o,e,w,v,l
6048,p,f,y,e,f,y,f,c,n,b,t,?,s,k,w,w,p,w,o,e,w,v,d
6053,p,f,s,e,f,y,f,c,n,b,t,?,s,k,p,p,p,w,o,e,w,v,l
6055,p,x,s,e,f,y,f,c,n,b,t,?,k,s,w,p,p,w,o,e,w,v,d
6057,p,f,y,n,f,y,f,c,n,b,t,?,k,s,w,w,p,w,o,e,w,v,p
6069,p,f,y,n,f,y,f,c,n,b,t,?,s,k,w,p,p,w,o,e,w,v,p
6076,p,f,s,n,f,y,f,c,n,b,t,?,s,k,w,p,p,w,o,e,w,v,l
6080,p,f,y,e,f,y,f,c,n,b,t,?,k,s,p,w,p,w,o,e,w,v,l
6081,p,x,s,e,f,y,f,c,n,b,t,?,k,k,p,p,p,w,o,e,w,v,d
6084,p,k,y,n,f,y,f,c,n,b,t,?,k,s,w,p,p,w,o,e,w,v,l
6086,p,f,s,n,f,y,f,c,n,b,t,?,k,s,w,p,p,w,o,e,w,v,d
6088,p,f,s,n,f,y,f,c,n,b,t,?,s,s,p,p,p,w,o,e,w,v,l
6091,p,f,y,n,f,y,f,c,n,b,t,?,s,k,w,p,p,w,o,e,w,v,l
6094,p,f,s,e,f,y,f,c,n,b,t,?,s,k,p,w,p,w,o,e,w,v,l
6097,p,f,s,n,f,y,f,c,n,b,t,?,s,k,w,p,p,w,o,e,w,v,p
6098,p,x,y,e,f,y,f,c,n,b,t,?,s,k,w,p,p,w,o,e,w,v,d
6104,p,f,y,n,f,y,f,c,n,b,t,?,s,k,w,w,p,w,o,e,w,v,d
6105,p,f,y,n,f,y,f,c,n,b,t,?,s,k,p,p,p,w,o,e,w,v,l
6107,p,f,y,n,f,y,f,c,n,b,t,?,k,k,p,p,p,w,o,e,w,v,l
6110,p,f,y,e,f,y,f,c,n,b,t,?,k,k,w,p,p,w,o,e,w,v,p
6121,p,x,s,e,f,y,f,c,n,b,t,?,s,k,w,p,p,w,o,e,w,v,p
6122,p,f,s,n,f,y,f,c,n,b,t,?,s,s,w,p,p,w,o,e,w,v,d
6123,p,x,s,n,f,y,f,c,n,b,t,?,s,k,p,w,p,w,o,e,w,v,l
6125,p,f,y,e,f,y,f,c,n,b,t,?,s,k,p,w,p,w,o,e,w,v,l
6129,p,x,s,n,f,y,f,c,n,b,t,?,k,k,w,p,p,w,o,e,w,v,d
6132,p,f,s,n,f,y,f,c,n,b,t,?,s,k,w,w,p,w,o,e,w,v,l
6133,p,f,y,e,f,y,f,c,n,b,t,?,k,s,w,w,p,w,o,e,w,v,p
6137,p,f,s,n,f,y,f,c,n,b,t,?,s,k,w,w,p,w,o,e,w,v,d
6138,p,x,s,e,f,y,f,c,n,b,t,?,k,k,w,p,p,w,o,e,w,v,p
6141,p,f,y,e,f,y,f,c,n,b,t,?,s,s,p,w,p,w,o,e,w,v,l
6146,p,f,y,e,f,y,f,c,n,b,t,?,s,k,w,p,p,w,o,e,w,v,l
6155,p,k,s,n,f,y,f,c,n,b,t,?,s,s,w,p,p,w,o,e,w,v,d
6164,p,x,s,n,f,y,f,c,n,b,t,?,s,s,p,w,p,w,o,e,w,v,d
6165,p,f,s,n,f,y,f,c,n,b,t,?,s,s,p,w,p,w,o,e,w,v,d
6167,p,f,s,e,f,y,f,c,n,b,t,?,s,k,p,w,p,w,o,e,w,v,p
6168,p,x,s,n,f,y,f,c,n,b,t,?,s,k,w,p,p,w,o,e,w,v,l
6169,p,f,y,e,f,y,f,c,n,b,t,?,s,s,p,w,p,w,o,e,w,v,d
6170,p,x,s,n,f,y,f,c,n,b,t,?,k,s,w,p,p,w,o,e,w,v,l
6179,p,f,s,e,f,y,f,c,n,b,t,?,s,s,p,w,p,w,o,e,w,v,l
6185,p,f,s,e,f,y,f,c,n,b,t,?,k,k,w,p,p,w,o,e,w,v,p
6198,p,x,s,e,f,y,f,c,n,b,t,?,k,s,w,p,p,w,o,e,w,v,p
6199,p,f,y,e,f,y,f,c,n,b,t,?,s,k,p,w,p,w,o,e,w,v,d
6206,p,f,y,n,f,y,f,c,n,b,t,?,k,s,w,p,p,w,o,e,w,v,l
6208,p,x,s,e,f,y,f,c,n,b,t,?,k,k,w,p,p,w,o,e,w,v,l
6209,p,f,y,e,f,y,f,c,n,b,t,?,k,k,w,w,p,w,o,e,w,v,d
6211,p,f,s,n,f,y,f,c,n,b,t,?,s,k,w,w,p,w,o,e,w,v,p
6221,p,x,s,n,f,y,f,c,n,b,t,?,k,s,p,p,p,w,o,e,w,v,p
6225,p,x,s,e,f,y,f,c,n,b,t,?,k,s,w,w,p,w,o,e,w,v,d
6229,p,f,y,n,f,y,f,c,n,b,t,?,s,s,p,w,p,w,o,e,w,v,d
6230,p,x,y,e,f,y,f,c,n,b,t,?,s,s,p,w,p,w,o,e,w,v,d
6231,p,f,y,n,f,y,f,c,n,b,t,?,s,s,w,p,p,w,o,e,w,v,l
6232,p,x,y,e,f,y,f,c,n,b,t,?,s,s,w,p,p,w,o,e,w,v,l
6233,p,k,y,n,f,y,f,c,n,b,t,?,k,k,w,p,p,w,o,e,w,v,l
6238,p,x,s,e,f,y,f,c,n,b,t,?,k,k,p,w,p,w,o,e,w,v,d
6239,p,f,s,n,f,y,f,c,n,b,t,?,s,k,w,p,p,w,o,e,w,v,d
6243,p,f,y,e,f,y,f,c,n,b,t,?,s,s,p,p,p,w,o,e,w,v,l
6244,p,f,s,e,f,y,f,c,n,b,t,?,k,s,p,w,p,w,o,e,w,v,l
6249,p,f,y,n,f,y,f,c,n,b,t,?,k,k,w,p,p,w,o,e,w,v,p
6255,p,x,y,e,f,y,f,c,n,b,t,?,s,k,w,w,p,w,o,e,w,v,d
6256,p,f,y,e,f,y,f,c,n,b,t,?,k,s,w,w,p,w,o,e,w,v,l
6259,p,k,y,e,f,y,f,c,n,b,t,?,k,k,w,w,p,w,o,e,w,v,l
6262,p,x,s,n,f,y,f,c,n,b,t,?,k,s,p,w,p,w,o,e,w,v,l
6264,p,f,s,n,f,y,f,c,n,b,t,?,s,k,p,p,p,w,o,e,w,v,d
6267,p,x,s,e,f,y,f,c,n,b,t,?,s,s,w,p,p,w,o,e,w,v,p
6269,p,x,s,e,f,y,f,c,n,b,t,?,s,s,w,p,p,w,o,e,w,v,d
6275,p,k,y,n,f,y,f,c,n,b,t,?,k,s,w,w,p,w,o,e,w,v,d
6281,p,x,s,e,f,y,f,c,n,b,t,?,s,s,p,w,p,w,o,e,w,v,l
6284,p,f,s,e,f,y,f,c,n,b,t,?,k,s,p,p,p,w,o,e,w,v,l
6290,p,x,s,n,f,y,f,c,n,b,t,?,k,s,w,w,p,w,o,e,w,v,l
6294,p,x,y,e,f,y,f,c,n,b,t,?,s,s,p,w,p,w,o,e,w,v,p
6298,p,f,s,n,f,y,f,c,n,b,t,?,k,s,w,p,p,w,o,e,w,v,p
6299,p,x,s,n,f,y,f,c,n,b,t,?,k,k,w,w,p,w,o,e,w,v,p
6301,p,k,y,n,f,y,f,c,n,b,t,?,k,s,p,p,p,w,o,e,w,v,p
6308,p,f,s,e,f,y,f,c,n,b,t,?,s,s,p,w,p,w,o,e,w,v,d
6315,p,f,y,n,f,y,f,c,n,b,t,?,k,s,p,p,p,w,o,e,w,v,d
6317,p,k,s,n,f,y,f,c,n,b,t,?,s,s,w,w,p,w,o,e,w,v,d
6319,p,x,y,e,f,y,f,c,n,b,t,?,s,s,p,w,p,w,o,e,w,v,l
6321,p,x,s,e,f,y,f,c,n,b,t,?,k,s,p,p,p,w,o,e,w,v,p
6325,p,k,y,n,f,y,f,c,n,b,t,?,k,s,w,w,p,w,o,e,w,v,l
6327,p,x,s,e,f,y,f,c,n,b,t,?,s,s,p,p,p,w,o,e,w,v,l
6337,p,f,y,n,f,y,f,c,n,b,t,?,s,s,p,p,p,w,o,e,w,v,l
6343,p,f,y,n,f,y,f,c,n,b,t,?,k,k,w,p,p,w,o,e,w,v,d
6353,p,f,s,n,f,y,f,c,n,b,t,?,k,s,w,p,p,w,o,e,w,v,l
6354,p,f,s,n,f,y,f,c,n,b,t,?,k,k,p,w,p,w,o,e,w,v,p
6355,p,x,s,n,f,y,f,c,n,b,t,?,s,s,w,w,p,w,o,e,w,v,p
6357,p,x,s,n,f,y,f,c,n,b,t,?,k,s,p,w,p,w,o,e,w,v,p
6358,p,x,s,n,f,y,f,c,n,b,t,?,s,s,p,w,p,w,o,e,w,v,p
6361,p,x,y,e,f,y,f,c,n,b,t,?,s,s,p,p,p,w,o,e,w,v,d
6364,p,f,s,e,f,y,f,c,n,b,t,?,s,k,w,p,p,w,o,e,w,v,l
6369,p,f,y,n,f,y,f,c,n,b,t,?,k,k,w,w,p,w,o,e,w,v,p
6371,p,f,y,n,f,y,f,c,n,b,t,?,k,s,p,w,p,w,o,e,w,v,d
6374,p,f,y,e,f,y,f,c,n,b,t,?,k,s,p,w,p,w,o,e,w,v,p
6378,p,x,s,e,f,y,f,c,n,b,t,?,k,k,p,p,p,w,o,e,w,v,l
6384,p,k,y,n,f,y,f,c,n,b,t,?,k,s,w,w,p,w,o,e,w,v,p
6388,p,f,s,n,f,y,f,c,n,b,t,?,k,k,p,p,p,w,o,e,w,v,l
6390,p,k,y,n,f,y,f,c,n,b,t,?,k,k,w,w,p,w,o,e,w,v,p
6393,p,f,y,n,f,y,f,c,n,b,t,?,k,s,w,w,p,w,o,e,w,v,d
6394,p,f,s,e,f,y,f,c,n,b,t,?,s,k,p,p,p,w,o,e,w,v,d
6397,p,f,y,n,f,y,f,c,n,b,t,?,s,s,w,p,p,w,o,e,w,v,d
6399,p,x,y,e,f,y,f,c,n,b,t,?,s,s,p,p,p,w,o,e,w,v,l
6407,p,f,s,n,f,y,f,c,n,b,t,?,s,k,p,w,p,w,o,e,w,v,l
6416,p,f,y,n,f,y,f,c,n,b,t,?,s,k,p,p,p,w,o,e,w,v,d
6417,p,f,y,e,f,y,f,c,n,b,t,?,s,s,w,w,p,w,o,e,w,v,d
6419,p,f,s,e,f,y,f,c,n,b,t,?,s,s,p,w,p,w,o,e,w,v,p
6429,p,x,s,e,f,y,f,c,n,b,t,?,k,s,p,p,p,w,o,e,w,v,d
6432,p,x,y,e,f,y,f,c,n,b,t,?,s,s,p,p,p,w,o,e,w,v,p
6438,p,f,y,e,f,y,f,c,n,b,t,?,k,k,w,w,p,w,o,e,w,v,p
6442,p,x,s,n,f,y,f,c,n,b,t,?,s,s,w,w,p,w,o,e,w,v,l
6444,p,f,s,n,f,y,f,c,n,b,t,?,k,s,p,p,p,w,o,e,w,v,l
6445,p,f,s,n,f,y,f,c,n,b,t,?,s,s,w,p,p,w,o,e,w,v,l
6446,p,k,y,e,f,y,f,c,n,b,t,?,s,s,p,p,p,w,o,e,w,v,l
6447,p,x,s,n,f,y,f,c,n,b,t,?,k,s,w,p,p,w,o,e,w,v,d
6448,p,f,y,n,f,y,f,c,n,b,t,?,s,k,p,w,p,w,o,e,w,v,p
6450,p,f,s,e,f,y,f,c,n,b,t,?,s,k,w,w,p,w,o,e,w,v,l
6451,p,x,s,e,f,y,f,c,n,b,t,?,s,k,p,w,p,w,o,e,w,v,l
6454,p,f,y,e,f,y,f,c,n,b,t,?,k,k,p,w,p,w,o,e,w,v,d
6458,p,k,y,n,f,y,f,c,n,b,t,?,k,k,p,p,p,w,o,e,w,v,l
6465,p,k,y,n,f,y,f,c,n,b,t,?,k,s,p,w,p,w,o,e,w,v,l
6466,p,k,y,n,f,y,f,c,n,b,t,?,k,s,p,w,p,w,o,e,w,v,p
6467,p,f,s,e,f,y,f,c,n,b,t,?,k,s,w,p,p,w,o,e,w,v,p
6468,p,x,s,e,f,y,f,c,n,b,t,?,k,k,w,p,p,w,o,e,w,v,d
6473,p,f,s,n,f,y,f,c,n,b,t,?,s,k,p,w,p,w,o,e,w,v,p
6475,p,f,y,e,f,y,f,c,n,b,t,?,s,k,w,p,p,w,o,e,w,v,d
6477,p,x,s,e,f,y,f,c,n,b,t,?,s,s,w,w,p,w,o,e,w,v,p
6481,p,f,y,e,f,y,f,c,n,b,t,?,s,k,p,w,p,w,o,e,w,v,p
6483,p,x,s,e,f,y,f,c,n,b,t,?,k,k,w,w,p,w,o,e,w,v,d
6484,p,f,y,e,f,y,f,c,n,b,t,?,k,k,w,w,p,w,o,e,w,v,l
6485,p,f,s,e,f,y,f,c,n,b,t,?,k,s,w,w,p,w,o,e,w,v,p
6495,p,f,y,n,f,y,f,c,n,b,t,?,k,s,w,p,p,w,o,e,w,v,d
6496,p,f,s,e,f,y,f,c,n,b,t,?,k,k,w,p,p,w,o,e,w,v,d
6504,p,f,y,e,f,y,f,c,n,b,t,?,s,s,w,p,p,w,o,e,w,v,d
6508,p,x,y,e,f,y,f,c,n,b,t,?,s,s,w,w,p,w,o,e,w,v,d
6512,p,f,y,n,f,y,f,c,n,b,t,?,k,k,p,w,p,w,o,e,w,v,l
6513,p,x,s,e,f,y,f,c,n,b,t,?,s,s,p,p,p,w,o,e,w,v,d
6514,p,x,s,n,f,y,f,c,n,b,t,?,s,k,w,w,p,w,o,e,w,v,d
6516,p,x,s,n,f,y,f,c,n,b,t,?,k,k,w,w,p,w,o,e,w,v,l
6520,p,x,y,e,f,y,f,c,n,b,t,?,s,s,w,w,p,w,o,e,w,v,p
6521,p,x,s,n,f,y,f,c,n,b,t,?,k,k,p,w,p,w,o,e,w,v,p
6522,p,k,s,e,f,y,f,c,n,b,t,?,k,s,p,p,p,w,o,e,w,v,p
6528,p,f,y,n,f,y,f,c,n,b,t,?,k,k,w,w,p,w,o,e,w,v,d
6535,p,x,s,n,f,y,f,c,n,b,t,?,s,s,w,p,p,w,o,e,w,v,d
6536,p,f,y,e,f,y,f,c,n,b,t,?,k,s,w,p,p,w,o,e,w,v,l
6538,p,x,y,e,f,y,f,c,n,b,t,?,s,s,w,w,p,w,o,e,w,v,l
6539,p,f,s,e,f,y,f,c,n,b,t,?,s,k,p,p,p,w,o,e,w,v,p
6546,p,f,s,n,f,y,f,c,n,b,t,?,s,k,p,p,p,w,o,e,w,v,p
6552,p,f,y,n,f,y,f,c,n,b,t,?,s,s,w,p,p,w,o,e,w,v,p
6554,p,f,s,e,f,y,f,c,n,b,t,?,s,k,w,w,p,w,o,e,w,v,p
6559,p,x,s,n,f,y,f,c,n,b,t,?,s,s,p,w,p,w,o,e,w,v,l
6560,p,k,s,n,f,y,f,c,n,b,t,?,s,s,p,w,p,w,o,e,w,v,l
6562,p,f,s,n,f,y,f,c,n,b,t,?,k,s,w,w,p,w,o,e,w,v,d
6563,p,x,s,n,f,y,f,c,n,b,t,?,s,s,w,p,p,w,o,e,w,v,p
6564,p,f,s,n,f,y,f,c,n,b,t,?,k,k,w,w,p,w,o,e,w,v,d
6566,p,f,y,e,f,y,f,c,n,b,t,?,s,k,p,p,p,w,o,e,w,v,d
6570,p,x,s,e,f,y,f,c,n,b,t,?,s,s,p,p,p,w,o,e,w,v,p
6573,p,x,s,e,f,y,f,c,n,b,t,?,k,k,p,w,p,w,o,e,w,v,p
6574,p,k,s,e,f,y,f,c,n,b,t,?,k,s,p,w,p,w,o,e,w,v,l
6577,p,f,s,n,f,y,f,c,n,b,t,?,s,k,p,p,p,w,o,e,w,v,l
6579,p,k,y,e,f,y,f,c,n,b,t,?,s,k,w,w,p,w,o,e,w,v,p
6580,p,x,s,e,f,y,f,c,n,b,t,?,k,k,p,w,p,w,o,e,w,v,l
6585,p,f,s,e,f,y,f,c,n,b,t,?,s,s,w,p,p,w,o,e,w,v,p
6586,p,k,y,n,f,y,f,c,n,b,t,?,k,k,w,p,p,w,o,e,w,v,p
6587,p,f,y,e,f,y,f,c,n,b,t,?,s,k,w,w,p,w,o,e,w,v,l
6590,p,x,s,n,f,y,f,c,n,b,t,?,s,s,w,p,p,w,o,e,w,v,l
6596,p,f,s,n,f,y,f,c,n,b,t,?,k,k,p,p,p,w,o,e,w,v,p
6598,p,f,s,e,f,y,f,c,n,b,t,?,s,s,p,p,p,w,o,e,w,v,p
6600,p,k,y,n,f,y,f,c,n,b,t,?,k,k,p,w,p,w,o,e,w,v,p
6608,p,k,y,n,f,y,f,c,n,b,t,?,k,s,p,p,p,w,o,e,w,v,d
6613,p,f,s,e,f,y,f,c,n,b,t,?,s,k,w,w,p,w,o,e,w,v,d
6616,p,f,s,e,f,y,f,c,n,b,t,?,k,s,p,w,p,w,o,e,w,v,p
6623,p,x,s,e,f,y,f,c,n,b,t,?,k,k,w,w,p,w,o,e,w,v,l
6626,p,x,s,n,f,y,f,c,n,b,t,?,s,k,p,w,p,w,o,e,w,v,d
6628,p,x,s,e,f,y,f,c,n,b,t,?,s,k,w,p,p,w,o,e,w,v,l
6629,p,x,s,n,f,y,f,c,n,b,t,?,s,k,w,p,p,w,o,e,w,v,d
6631,p,f,s,e,f,y,f,c,n,b,t,?,s,s,p,p,p,w,o,e,w,v,d
6637,p,f,s,e,f,y,f,c,n,b,t,?,k,s,p,w,p,w,o,e,w,v,d
6638,p,k,y,n,f,y,f,c,n,b,t,?,s,k,w,p,p,w,o,e,w,v,p
6639,p,x,s,n,f,y,f,c,n,b,t,?,s,k,p,p,p,w,o,e,w,v,l
6640,p,f,y,n,f,y,f,c,n,b,t,?,k,s,w,p,p,w,o,e,w,v,p
6641,p,k,y,n,f,y,f,c,n,b,t,?,k,s,w,p,p,w,o,e,w,v,p
6644,p,x,s,e,f,y,f,c,n,b,t,?,s,k,w,p,p,w,o,e,w,v,d
6646,p,f,y,n,f,y,f,c,n,b,t,?,k,s,p,p,p,w,o,e,w,v,p
6648,p,x,s,e,f,y,f,c,n,b,t,?,s,s,w,w,p,w,o,e,w,v,l
6649,p,f,y,n,f,y,f,c,n,b,t,?,k,s,w,w,p,w,o,e,w,v,l
6651,p,f,y,n,f,y,f,c,n,b,t,?,k,k,w,w,p,w,o,e,w,v,l
6654,p,f,s,e,f,y,f,c,n,b,t,?,s,s,p,p,p,w,o,e,w,v,l
6659,p,f,s,e,f,y,f,c,n,b,t,?,s,s,w,w,p,w,o,e,w,v,p
6661,p,x,s,n,f,y,f,c,n,b,t,?,k,s,w,w,p,w,o,e,w,v,p
6664,p,f,s,n,f,y,f,c,n,b,t,?,s,s,p,p,p,w,o,e,w,v,d
6671,p,x,s,n,f,y,f,c,n,b,t,?,k,k,p,p,p,w,o,e,w,v,l
6677,p,f,y,e,f,y,f,c,n,b,t,?,k,s,p,p,p,w,o,e,w,v,p
6678,p,x,s,e,f,y,f,c,n,b,t,?,s,k,p,p,p,w,o,e,w,v,l
6680,p,f,y,n,f,y,f,c,n,b,t,?,s,k,p,w,p,w,o,e,w,v,l
6685,p,x,s,e,f,y,f,c,n,b,t,?,k,k,w,w,p,w,o,e,w,v,p
6689,p,x,s,e,f,y,f,c,n,b,t,?,s,s,p,w,p,w,o,e,w,v,d
6690,p,x,s,n,f,y,f,c,n,b,t,?,k,k,p,w,p,w,o,e,w,v,d
6692,p,f,s,n,f,y,f,c,n,b,t,?,s,k,p,w,p,w,o,e,w,v,d
6696,p,f,s,n,f,y,f,c,n,b,t,?,s,s,w,w,p,w,o,e,w,v,d
6698,p,f,y,e,f,y,f,c,n,b,t,?,s,k,p,p,p,w,o,e,w,v,p
6701,p,x,s,e,f,y,f,c,n,b,t,?,k,s,w,p,p,w,o,e,w,v,l
6705,p,x,s,n,f,y,f,c,n,b,t,?,s,s,p,p,p,w,o,e,w,v,d
6707,p,k,y,n,f,y,f,c,n,b,t,?,k,k,p,w,p,w,o,e,w,v,l
6708,p,f,s,n,f,y,f,c,n,b,t,?,k,s,w,w,p,w,o,e,w,v,p
6710,p,f,s,e,f,y,f,c,n,b,t,?,k,k,p,p,p,w,o,e,w,v,l
6715,p,x,s,e,f,y,f,c,n,b,t,?,k,k,p,p,p,w,o,e,w,v,p
6718,p,x,s,n,f,y,f,c,n,b,t,?,s,k,p,w,p,w,o,e,w,v,p
6725,p,x,s,n,f,y,f,c,n,b,t,?,s,k,p,p,p,w,o,e,w,v,p
6727,p,f,s,e,f,y,f,c,n,b,t,?,k,k,w,w,p,w,o,e,w,v,l
6732,p,f,s,e,f,y,f,c,n,b,t,?,k,s,w,w,p,w,o,e,w,v,d
6734,p,f,s,n,f,y,f,c,n,b,t,?,k,k,w,p,p,w,o,e,w,v,l
6736,p,f,y,e,f,y,f,c,n,b,t,?,k,k,p,p,p,w,o,e,w,v,d
6738,p,k,y,n,f,y,f,c,n,b,t,?,k,k,w,w,p,w,o,e,w,v,l
6739,p,f,y,n,f,y,f,c,n,b,t,?,s,s,w,w,p,w,o,e,w,v,l
6741,p,f,s,n,f,y,f,c,n,b,t,?,s,s,w,w,p,w,o,e,w,v,p
6743,p,f,s,e,f,y,f,c,n,b,t,?,k,s,p,p,p,w,o,e,w,v,d
6745,p,x,s,e,f,y,f,c,n,b,t,?,s,k,w,w,p,w,o,e,w,v,p
6749,p,x,s,e,f,y,f,c,n,b,t,?,k,s,w,w,p,w,o,e,w,v,l
6751,p,f,y,e,f,y,f,c,n,b,t,?,k,s,w,w,p,w,o,e,w,v,d
6760,p,x,s,n,f,y,f,c,n,b,t,?,s,k,p,p,p,w,o,e,w,v,d
6768,p,f,y,n,f,y,f,c,n,b,t,?,s,s,p,w,p,w,o,e,w,v,l
6770,p,f,y,e,f,y,f,c,n,b,t,?,s,s,p,p,p,w,o,e,w,v,p
6773,p,x,s,e,f,y,f,c,n,b,t,?,s,k,w,w,p,w,o,e,w,v,d
6776,p,x,s,e,f,y,f,c,n,b,t,?,k,s,p,w,p,w,o,e,w,v,l
6777,p,x,s,n,f,y,f,c,n,b,t,?,k,s,p,p,p,w,o,e,w,v,d
6778,p,x,s,n,f,y,f,c,n,b,t,?,k,s,p,p,p,w,o,e,w,v,l
6780,p,k,y,n,f,y,f,c,n,b,t,?,k,k,p,w,p,w,o,e,w,v,d
6781,p,f,s,n,f,y,f,c,n,b,t,?,k,k,w,p,p,w,o,e,w,v,p
6782,p,x,y,e,f,y,f,c,n,b,t,?,s,s,w,p,p,w,o,e,w,v,p
6783,p,f,s,n,f,y,f,c,n,b,t,?,s,s,p,w,p,w,o,e,w,v,p
6794,p,f,y,e,f,y,f,c,n,b,t,?,k,k,p,w,p,w,o,e,w,v,l
6798,p,f,s,n,f,y,f,c,n,b,t,?,k,s,p,p,p,w,o,e,w,v,p
6800,p,f,s,e,f,y,f,c,n,b,t,?,s,s,w,w,p,w,o,e,w,v,l
6802,p,x,y,e,f,y,f,c,n,b,t,?,s,k,w,w,p,w,o,e,w,v,p
6806,p,f,y,n,f,y,f,c,n,b,t,?,k,k,p,p,p,w,o,e,w,v,d
6807,p,f,y,e,f,y,f,c,n,b,t,?,s,k,p,p,p,w,o,e,w,v,l
6809,p,x,s,e,f,y,f,c,n,b,t,?,s,k,p,w,p,w,o,e,w,v,d
6813,p,f,s,e,f,y,f,c,n,b,t,?,k,k,w,w,p,w,o,e,w,v,p
6815,p,f,s,n,f,y,f,c,n,b,t,?,k,k,p,w,p,w,o,e,w,v,l
6819,p,f,s,n,f,y,f,c,n,b,t,?,k,k,p,w,p,w,o,e,w,v,d
6820,p,f,y,n,f,y,f,c,n,b,t,?,s,s,p,p,p,w,o,e,w,v,p
6822,p,f,y,e,f,y,f,c,n,b,t,?,s,s,w,p,p,w,o,e,w,v,l
6823,p,x,s,n,f,y,f,c,n,b,t,?,s,s,p,p,p,w,o,e,w,v,p
6824,p,k,y,n,f,y,f,c,n,b,t,?,k,k,p,p,p,w,o,e,w,v,p
6828,p,k,y,n,f,y,f,c,n,b,t,?,k,s,p,w,p,w,o,e,w,v,d
6829,p,x,s,n,f,y,f,c,n,b,t,?,k,s,w,p,p,w,o,e,w,v,p
6841,p,f,s,e,f,y,f,c,n,b,t,?,s,s,w,p,p,w,o,e,w,v,d
6846,p,f,s,e,f,y,f,c,n,b,t,?,k,k,p,w,p,w,o,e,w,v,l
6858,p,k,y,n,f,y,f,c,n,b,t,?,k,s,w,p,p,w,o,e,w,v,d
6861,p,f,y,n,f,y,f,c,n,b,t,?,k,s,p,p,p,w,o,e,w,v,l
6862,p,f,y,n,f,y,f,c,n,b,t,?,s,k,p,w,p,w,o,e,w,v,d
6863,p,f,y,n,f,y,f,c,n,b,t,?,s,s,p,w,p,w,o,e,w,v,p
6865,p,f,s,n,f,y,f,c,n,b,t,?,s,s,w,w,p,w,o,e,w,v,l
6866,p,f,y,e,f,y,f,c,n,b,t,?,k,k,p,w,p,w,o,e,w,v,p
6871,p,x,s,e,f,y,f,c,n,b,t,?,s,k,w,w,p,w,o,e,w,v,l
6872,p,f,y,e,f,y,f,c,n,b,t,?,k,k,w,p,p,w,o,e,w,v,d
6873,p,x,s,n,f,y,f,c,n,b,t,?,k,s,p,w,p,w,o,e,w,v,d
6876,p,x,s,n,f,y,f,c,n,b,t,?,k,k,p,w,p,w,o,e,w,v,l
6877,p,f,y,e,f,y,f,c,n,b,t,?,k,s,w,p,p,w,o,e,w,v,d
6882,p,f,y,n,f,y,f,c,n,b,t,?,s,s,w,w,p,w,o,e,w,v,d
6885,p,x,s,e,f,y,f,c,n,b,t,?,s,k,p,p,p,w,o,e,w,v,d
6886,p,k,y,n,f,y,f,c,n,b,t,?,s,k,p,p,p,w,o,e,w,v,d
6897,p,f,s,e,f,y,f,c,n,b,t,?,k,s,p,p,p,w,o,e,w,v,p
6898,p,x,s,n,f,y,f,c,n,b,t,?,k,k,p,p,p,w,o,e,w,v,d
6901,p,k,s,n,f,y,f,c,n,b,t,?,k,k,w,p,p,w,o,e,w,v,p
6902,p,f,s,n,f,y,f,c,n,b,t,?,s,s,p,w,p,w,o,e,w,v,l
6918,p,f,y,n,f,y,f,c,n,b,t,?,k,s,p,w,p,w,o,e,w,v,p
6922,p,k,s,e,f,y,f,c,n,b,t,?,k,s,p,p,p,w,o,e,w,v,d
6926,p,f,s,n,f,y,f,c,n,b,t,?,s,s,w,p,p,w,o,e,w,v,p
6929,p,f,s,n,f,y,f,c,n,b,t,?,k,k,w,p,p,w,o,e,w,v,d
6930,p,k,y,e,f,y,f,c,n,b,t,?,k,k,w,p,p,w,o,e,w,v,l
6934,p,f,y,e,f,y,f,c,n,b,t,?,k,s,p,p,p,w,o,e,w,v,l
6935,p,f,s,e,f,y,f,c,n,b,t,?,k,s,w,p,p,w,o,e,w,v,l
6939,p,k,s,e,f,y,f,c,n,b,t,?,k,k,w,w,p,w,o,e,w,v,l
6940,p,f,y,n,f,y,f,c,n,b,t,?,s,k,w,w,p,w,o,e,w,v,l
6943,p,k,s,n,f,y,f,c,n,b,t,?,s,k,w,p,p,w,o,e,w,v,l
6955,p,k,s,e,f,y,f,c,n,b,t,?,s,k,p,p,p,w,o,e,w,v,d
6963,p,x,s,n,f,y,f,c,n,b,t,?,k,k,w,p,p,w,o,e,w,v,l
6965,p,f,s,e,f,y,f,c,n,b,t,?,k,k,p,w,p,w,o,e,w,v,p
6972,p,k,s,n,f,y,f,c,n,b,t,?,s,s,w,w,p,w,o,e,w,v,l
6977,p,x,s,e,f,y,f,c,n,b,t,?,s,k,p,w,p,w,o,e,w,v,p
6980,p,k,s,n,f,y,f,c,n,b,t,?,k,k,w,w,p,w,o,e,w,v,l
6985,p,k,s,e,f,y,f,c,n,b,t,?,k,s,p,w,p,w,o,e,w,v,p
6992,p,k,y,e,f,y,f,c,n,b,t,?,k,s,w,p,p,w,o,e,w,v,l
6993,p,f,s,e,f,y,f,c,n,b,t,?,k,k,p,p,p,w,o,e,w,v,d
7017,p,f,y,e,f,y,f,c,n,b,t,?,s,s,w,p,p,w,o,e,w,v,p
7023,p,k,s,e,f,y,f,c,n,b,t,?,k,s,w,p,p,w,o,e,w,v,d
7024,p,x,s,n,f,y,f,c,n,b,t,?,s,k,w,p,p,w,o,e,w,v,p
7028,p,x,s,e,f,y,f,c,n,b,t,?,k,s,p,w,p,w,o,e,w,v,d
7030,p,k,s,e,f,y,f,c,n,b,t,?,k,k,w,w,p,w,o,e,w,v,d
7031,p,x,s,n,f,y,f,c,n,b,t,?,s,k,w,w,p,w,o,e,w,v,l
7042,p,k,y,n,f,y,f,c,n,b,t,?,k,k,w,p,p,w,o,e,w,v,d
7045,p,f,y,e,f,y,f,c,n,b,t,?,k,s,w,p,p,w,o,e,w,v,p
7055,p,k,s,n,f,y,f,c,n,b,t,?,k,s,w,w,p,w,o,e,w,v,d
7056,p,k,s,n,f,y,f,c,n,b,t,?,k,k,p,w,p,w,o,e,w,v,p
7060,p,x,s,e,f,y,f,c,n,b,t,?,s,s,w,w,p,w,o,e,w,v,d
7062,p,k,y,n,f,y,f,c,n,b,t,?,s,k,w,w,p,w,o,e,w,v,d
7064,p,f,s,e,f,y,f,c,n,b,t,?,s,k,w,p,p,w,o,e,w,v,d
7069,p,f,y,n,f,y,f,c,n,b,t,?,k,k,p,w,p,w,o,e,w,v,p
7071,p,k,y,e,f,y,f,c,n,b,t,?,s,k,p,w,p,w,o,e,w,v,d
7076,p,x,s,e,f,y,f,c,n,b,t,?,k,s,p,p,p,w,o,e,w,v,l
7077,p,f,y,e,f,y,f,c,n,b,t,?,k,k,p,p,p,w,o,e,w,v,l
7085,p,x,s,e,f,y,f,c,n,b,t,?,s,s,w,p,p,w,o,e,w,v,l
7095,p,k,s,e,f,y,f,c,n,b,t,?,s,s,w,p,p,w,o,e,w,v,l
7096,p,k,y,n,f,y,f,c,n,b,t,?,s,s,w,w,p,w,o,e,w,v,p
7097,p,k,y,n,f,y,f,c,n,b,t,?,s,k,w,p,p,w,o,e,w,v,l
7104,p,k,s,n,f,y,f,c,n,b,t,?,k,k,p,w,p,w,o,e,w,v,d
7105,p,x,s,e,f,y,f,c,n,b,t,?,s,k,p,p,p,w,o,e,w,v,p
7107,p,f,s,e,f,y,f,c,n,b,t,?,k,k,p,p,p,w,o,e,w,v,p
7112,p,f,y,e,f,y,f,c,n,b,t,?,k,s,p,w,p,w,o,e,w,v,d
7117,p,f,s,n,f,y,f,c,n,b,t,?,k,s,p,w,p,w,o,e,w,v,d
7118,p,k,y,e,f,y,f,c,n,b,t,?,k,s,w,w,p,w,o,e,w,v,p
7121,p,k,y,n,f,y,f,c,n,b,t,?,s,s,p,w,p,w,o,e,w,v,d
7126,p,k,s,e,f,y,f,c,n,b,t,?,k,k,w,w,p,w,o,e,w,v,p
7129,p,f,y,n,f,y,f,c,n,b,t,?,k,k,p,w,p,w,o,e,w,v,d
7130,p,k,y,e,f,y,f,c,n,b,t,?,s,s,p,w,p,w,o,e,w,v,d
7131,p,k,s,e,f,y,f,c,n,b,t,?,s,k,w,w,p,w,o,e,w,v,d
7137,p,k,s,e,f,y,f,c,n,b,t,?,s,s,w,p,p,w,o,e,w,v,d
7140,p,k,s,n,f,y,f,c,n,b,t,?,k,s,p,w,p,w,o,e,w,v,p
7154,p,x,s,e,f,y,f,c,n,b,t,?,s,s,p,w,p,w,o,e,w,v,p
7155,p,k,s,n,f,y,f,c,n,b,t,?,k,s,w,p,p,w,o,e,w,v,l
7157,p,x,s,n,f,y,f,c,n,b,t,?,k,k,w,p,p,w,o,e,w,v,p
7163,p,x,s,n,f,y,f,c,n,b,t,?,k,k,p,p,p,w,o,e,w,v,p
7164,p,f,y,e,f,y,f,c,n,b,t,?,s,k,w,w,p,w,o,e,w,v,p
7165,p,f,s,e,f,y,f,c,n,b,t,?,s,k,p,w,p,w,o,e,w,v,d
7186,p,k,y,e,f,y,f,c,n,b,t,?,k,k,p,w,p,w,o,e,w,v,p
7189,p,x,s,e,f,y,f,c,n,b,t,?,k,s,w,w,p,w,o,e,w,v,p
7191,p,f,s,e,f,y,f,c,n,b,t,?,k,s,w,w,p,w,o,e,w,v,l
7198,p,f,y,n,f,y,f,c,n,b,t,?,s,s,w,w,p,w,o,e,w,v,p
7203,p,k,s,e,f,y,f,c,n,b,t,?,k,k,p,w,p,w,o,e,w,v,l
7209,p,x,s,n,f,y,f,c,n,b,t,?,s,s,p,p,p,w,o,e,w,v,l
7232,p,f,y,n,f,y,f,c,n,b,t,?,s,k,w,w,p,w,o,e,w,v,p
7238,p,k,y,n,f,y,f,c,n,b,t,?,s,k,p,w,p,w,o,e,w,v,p
7240,p,k,s,e,f,y,f,c,n,b,t,?,k,k,p,p,p,w,o,e,w,v,p
7241,p,f,s,e,f,y,f,c,n,b,t,?,s,k,w,p,p,w,o,e,w,v,p
7242,p,k,s,n,f,y,f,c,n,b,t,?,s,k,p,p,p,w,o,e,w,v,l
7249,p,k,y,e,f,y,f,c,n,b,t,?,k,s,p,p,p,w,o,e,w,v,p
7250,p,k,s,n,f,y,f,c,n,b,t,?,s,s,p,p,p,w,o,e,w,v,l
7252,p,k,s,e,f,y,f,c,n,b,t,?,s,s,w,w,p,w,o,e,w,v,d
7254,p,k,s,n,f,y,f,c,n,b,t,?,k,k,w,p,p,w,o,e,w,v,d
7259,p,f,s,n,f,y,f,c,n,b,t,?,k,s,p,w,p,w,o,e,w,v,p
7267,p,k,y,e,f,y,f,c,n,b,t,?,k,k,w,p,p,w,o,e,w,v,p
7269,p,k,s,e,f,y,f,c,n,b,t,?,k,k,w,p,p,w,o,e,w,v,l
7275,p,k,y,n,f,y,f,c,n,b,t,?,s,s,p,w,p,w,o,e,w,v,l
7277,p,k,y,e,f,y,f,c,n,b,t,?,k,k,p,w,p,w,o,e,w,v,l
7279,p,k,s,n,f,y,f,c,n,b,t,?,s,k,p,p,p,w,o,e,w,v,d
7286,p,k,s,e,f,y,f,c,n,b,t,?,k,k,p,w,p,w,o,e,w,v,p
7288,p,k,y,n,f,y,f,c,n,b,t,?,s,s,p,w,p,w,o,e,w,v,p
7294,p,f,y,e,f,y,f,c,n,b,t,?,k,k,w,p,p,w,o,e,w,v,l
7296,p,k,y,e,f,y,f,c,n,b,t,?,s,s,p,w,p,w,o,e,w,v,p
7307,p,k,s,n,f,y,f,c,n,b,t,?,k,k,w,w,p,w,o,e,w,v,p
7310,p,k,y,e,f,y,f,c,n,b,t,?,s,k,w,w,p,w,o,e,w,v,l
7312,p,k,y,e,f,y,f,c,n,b,t,?,s,s,w,p,p,w,o,e,w,v,l
7321,p,k,s,e,f,y,f,c,n,b,t,?,k,k,p,w,p,w,o,e,w,v,d
7331,p,k,s,n,f,y,f,c,n,b,t,?,k,k,w,w,p,w,o,e,w,v,d
7333,p,k,s,e,f,y,f,c,n,b,t,?,k,k,p,p,p,w,o,e,w,v,d
7339,p,f,s,e,f,y,f,c,n,b,t,?,s,s,w,w,p,w,o,e,w,v,d
7345,p,f,y,n,f,y,f,c,n,b,t,?,k,k,w,p,p,w,o,e,w,v,l
7348,p,k,s,e,f,y,f,c,n,b,t,?,k,k,p,p,p,w,o,e,w,v,l
7351,p,k,s,e,f,y,f,c,n,b,t,?,k,s,w,p,p,w,o,e,w,v,l
7362,p,k,s,e,f,y,f,c,n,b,t,?,s,s,p,w,p,w,o,e,w,v,l
7363,p,k,y,e,f,y,f,c,n,b,t,?,s,s,w,p,p,w,o,e,w,v,p
7364,p,k,s,n,f,y,f,c,n,b,t,?,s,s,w,p,p,w,o,e,w,v,p
7369,p,x,s,n,f,y,f,c,n,b,t,?,s,s,w,w,p,w,o,e,w,v,d
7379,p,f,s,n,f,y,f,c,n,b,t,?,k,s,p,p,p,w,o,e,w,v,d
7382,p,k,y,e,f,y,f,c,n,b,t,?,k,s,w,p,p,w,o,e,w,v,d
7384,p,k,s,e,f,y,f,c,n,b,t,?,k,s,w,w,p,w,o,e,w,v,p
7387,p,k,y,e,f,y,f,c,n,b,t,?,s,s,w,p,p,w,o,e,w,v,d
7393,p,k,y,n,f,y,f,c,n,b,t,?,s,s,p,p,p,w,o,e,w,v,p
7397,p,k,y,n,f,y,f,c,n,b,t,?,s,k,w,w,p,w,o,e,w,v,p
7399,p,k,y,e,f,y,f,c,n,b,t,?,s,k,p,p,p,w,o,e,w,v,p
7403,p,k,y,e,f,y,f,c,n,b,t,?,k,k,p,p,p,w,o,e,w,v,l
7406,p,k,y,e,f,y,f,c,n,b,t,?,s,k,p,p,p,w,o,e,w,v,l
7408,p,k,y,e,f,y,f,c,n,b,t,?,s,s,p,w,p,w,o,e,w,v,l
7410,p,k,s,e,f,y,f,c,n,b,t,?,s,s,w,w,p,w,o,e,w,v,p
7420,p,k,y,e,f,y,f,c,n,b,t,?,s,s,p,p,p,w,o,e,w,v,d
7427,p,k,y,n,f,y,f,c,n,b,t,?,k,k,w,w,p,w,o,e,w,v,d
7428,p,k,y,n,f,y,f,c,n,b,t,?,k,k,p,p,p,w,o,e,w,v,d
7436,p,k,s,e,f,y,f,c,n,b,t,?,s,k,p,w,p,w,o,e,w,v,l
7448,p,k,y,e,f,y,f,c,n,b,t,?,s,s,w,w,p,w,o,e,w,v,l
7466,p,k,y,e,f,y,f,c,n,b,t,?,s,k,w,p,p,w,o,e,w,v,l
7472,p,k,y,e,f,y,f,c,n,b,t,?,s,k,w,p,p,w,o,e,w,v,d
7476,p,x,s,e,f,y,f,c,n,b,t,?,k,s,p,w,p,w,o,e,w,v,p
7478,p,k,s,n,f,y,f,c,n,b,t,?,s,s,p,w,p,w,o,e,w,v,d
7482,p,k,s,n,f,y,f,c,n,b,t,?,k,k,p,p,p,w,o,e,w,v,p
7487,p,k,y,n,f,y,f,c,n,b,t,?,s,k,p,w,p,w,o,e,w,v,d
7489,p,f,y,n,f,y,f,c,n,b,t,?,s,s,p,p,p,w,o,e,w,v,d
7497,p,k,y,n,f,y,f,c,n,b,t,?,s,k,p,p,p,w,o,e,w,v,p
7503,p,k,y,e,f,y,f,c,n,b,t,?,s,k,p,w,p,w,o,e,w,v,p
7505,p,k,s,n,f,y,f,c,n,b,t,?,k,s,p,p,p,w,o,e,w,v,p
7507,p,k,y,e,f,y,f,c,n,b,t,?,s,s,w,w,p,w,o,e,w,v,p
7508,p,k,s,n,f,y,f,c,n,b,t,?,s,k,w,w,p,w,o,e,w,v,d
7525,p,k,s,n,f,y,f,c,n,b,t,?,k,k,p,w,p,w,o,e,w,v,l
7538,p,k,s,e,f,y,f,c,n,b,t,?,s,k,p,p,p,w,o,e,w,v,l
7551,p,k,s,e,f,y,f,c,n,b,t,?,s,s,w,p,p,w,o,e,w,v,p
7556,p,k,s,n,f,y,f,c,n,b,t,?,k,k,w,p,p,w,o,e,w,v,l
7562,p,k,s,n,f,y,f,c,n,b,t,?,s,s,p,p,p,w,o,e,w,v,p
7563,p,k,y,e,f,y,f,c,n,b,t,?,k,k,w,w,p,w,o,e,w,v,p
7565,p,k,y,e,f,y,f,c,n,b,t,?,k,s,p,p,p,w,o,e,w,v,d
7571,p,k,s,e,f,y,f,c,n,b,t,?,k,s,w,w,p,w,o,e,w,v,l
7572,p,k,s,n,f,y,f,c,n,b,t,?,k,s,w,w,p,w,o,e,w,v,p
7578,p,k,s,e,f,y,f,c,n,b,t,?,s,k,w,p,p,w,o,e,w,v,l
7580,p,k,s,e,f,y,f,c,n,b,t,?,s,s,p,p,p,w,o,e,w,v,d
7582,p,k,y,e,f,y,f,c,n,b,t,?,k,s,p,w,p,w,o,e,w,v,d
7588,p,k,s,n,f,y,f,c,n,b,t,?,s,k,w,w,p,w,o,e,w,v,p
7589,p,k,y,e,f,y,f,c,n,b,t,?,k,k,w,w,p,w,o,e,w,v,d
7594,p,k,y,e,f,y,f,c,n,b,t,?,s,k,p,p,p,w,o,e,w,v,d
7607,p,k,s,n,f,y,f,c,n,b,t,?,s,s,w,p,p,w,o,e,w,v,l
7608,p,k,y,n,f,y,f,c,n,b,t,?,s,s,w,p,p,w,o,e,w,v,l
7613,p,k,y,e,f,y,f,c,n,b,t,?,k,k,p,p,p,w,o,e,w,v,p
7614,p,k,s,e,f,y,f,c,n,b,t,?,s,k,p,p,p,w,o,e,w,v,p
7616,p,k,s,e,f,y,f,c,n,b,t,?,s,s,p,w,p,w,o,e,w,v,p
7618,p,f,s,n,f,y,f,c,n,b,t,?,s,s,p,p,p,w,o,e,w,v,p
7619,p,k,s,e,f,y,f,c,n,b,t,?,k,s,w,w,p,w,o,e,w,v,d
7620,p,k,s,n,f,y,f,c,n,b,t,?,k,s,w,w,p,w,o,e,w,v,l
7621,p,k,y,n,f,y,f,c,n,b,t,?,s,s,p,p,p,w,o,e,w,v,l
7624,p,k,s,n,f,y,f,c,n,b,t,?,s,k,p,w,p,w,o,e,w,v,l
7633,p,f,y,e,f,y,f,c,n,b,t,?,s,s,p,w,p,w,o,e,w,v,p
7655,p,k,s,n,f,y,f,c,n,b,t,?,s,k,w,p,p,w,o,e,w,v,p
7656,p,f,y,n,f,y,f,c,n,b,t,?,s,k,w,p,p,w,o,e,w,v,d
7660,p,k,s,n,f,y,f,c,n,b,t,?,k,s,w,p,p,w,o,e,w,v,d
7661,p,x,s,n,f,y,f,c,n,b,t,?,k,s,w,w,p,w,o,e,w,v,d
7675,p,k,s,e,f,y,f,c,n,b,t,?,s,k,w,w,p,w,o,e,w,v,l
7690,p,k,s,e,f,y,f,c,n,b,t,?,k,s,p,p,p,w,o,e,w,v,l
7693,p,k,s,n,f,y,f,c,n,b,t,?,s,k,p,w,p,w,o,e,w,v,d
7703,p,k,y,e,f,y,f,c,n,b,t,?,k,s,w,w,p,w,o,e,w,v,l
7719,p,k,s,n,f,y,f,c,n,b,t,?,s,s,p,w,p,w,o,e,w,v,p
7726,p,k,s,n,f,y,f,c,n,b,t,?,k,s,p,p,p,w,o,e,w,v,d
7732,p,k,s,n,f,y,f,c,n,b,t,?,k,s,p,w,p,w,o,e,w,v,l
7773,p,k,s,n,f,y,f,c,n,b,t,?,k,k,p,p,p,w,o,e,w,v,d
7774,p,x,s,n,f,y,f,c,n,b,t,?,s,k,w,w,p,w,o,e,w,v,p
7780,p,k,s,e,f,y,f,c,n,b,t,?,s,k,w,p,p,w,o,e,w,v,d
7789,p,k,y,n,f,y,f,c,n,b,t,?,s,s,w,w,p,w,o,e,w,v,d
7793,p,k,s,n,f,y,f,c,n,b,t,?,k,s,w,p,p,w,o,e,w,v,p
7796,p,k,y,e,f,y,f,c,n,b,t,?,k,s,p,p,p,w,o,e,w,v,l
7804,p,k,s,e,f,y,f,c,n,b,t,?,s,s,w,w,p,w,o,e,w,v,l
7806,p,f,y,e,f,y,f,c,n,b,t,?,s,s,w,w,p,w,o,e,w,v,l
7816,p,k,s,e,f,y,f,c,n,b,t,?,k,k,w,p,p,w,o,e,w,v,p
7832,p,k,y,e,f,y,f,c,n,b,t,?,s,k,p,w,p,w,o,e,w,v,l
7835,p,k,y,e,f,y,f,c,n,b,t,?,s,k,w,w,p,w,o,e,w,v,d
7839,p,k,y,n,f,y,f,c,n,b,t,?,s,s,w,p,p,w,o,e,w,v,d
7846,p,k,y,e,f,y,f,c,n,b,t,?,s,s,w,w,p,w,o,e,w,v,d
7856,p,k,s,e,f,y,f,c,n,b,t,?,k,s,w,p,p,w,o,e,w,v,p
7875,p,k,s,e,f,y,f,c,n,b,t,?,s,s,p,p,p,w,o,e,w,v,l
7876,p,k,s,n,f,y,f,c,n,b,t,?,k,s,p,w,p,w,o,e,w,v,d
7883,p,f,s,e,f,y,f,c,n,b,t,?,k,s,w,p,p,w,o,e,w,v,d
7884,p,k,s,n,f,y,f,c,n,b,t,?,k,s,p,p,p,w,o,e,w,v,l
7892,p,k,s,n,f,y,f,c,n,b,t,?,s,s,w,w,p,w,o,e,w,v,p
7896,p,f,y,n,f,y,f,c,n,b,t,?,k,k,p,p,p,w,o,e,w,v,p
7899,p,k,s,e,f,y,f,c,n,b,t,?,s,s,p,w,p,w,o,e,w,v,d
7902,p,k,s,n,f,y,f,c,n,b,t,?,s,k,p,w,p,w,o,e,w,v,p
7924,p,k,s,n,f,y,f,c,n,b,t,?,s,k,w,w,p,w,o,e,w,v,l
7935,p,k,y,e,f,y,f,c,n,b,t,?,k,s,w,w,p,w,o,e,w,v,d
7942,p,x,y,e,f,y,f,c,n,b,t,?,s,s,w,p,p,w,o,e,w,v,d
7948,p,k,y,n,f,y,f,c,n,b,t,?,s,k,p,p,p,w,o,e,w,v,l
7950,p,k,y,n,f,y,f,c,n,b,t,?,s,k,w,p,p,w,o,e,w,v,d
7961,p,k,y,n,f,y,f,c,n,b,t,?,s,s,w,p,p,w,o,e,w,v,p
7962,p,k,y,e,f,y,f,c,n,b,t,?,k,k,w,p,p,w,o,e,w,v,d
7969,p,k,s,e,f,y,f,c,n,b,t,?,s,k,p,w,p,w,o,e,w,v,p
7982,p,k,s,n,f,y,f,c,n,b,t,?,s,s,p,p,p,w,o,e,w,v,d
7989,p,f,s,n,f,y,f,c,n,b,t,?,k,k,w,w,p,w,o,e,w,v,p
7995,p,k,s,e,f,y,f,c,n,b,t,?,s,k,w,w,p,w,o,e,w,v,p
7997,p,k,s,n,f,y,f,c,n,b,t,?,k,k,p,p,p,w,o,e,w,v,l
8006,p,k,y,e,f,y,f,c,n,b,t,?,s,k,w,p,p,w,o,e,w,v,p
8020,p,k,y,n,f,y,f,c,n,b,t,?,s,s,p,p,p,w,o,e,w,v,d
8021,p,f,s,n,f,y,f,c,n,b,t,?,k,s,p,w,p,w,o,e,w,v,l
8022,p,f,y,e,f,y,f,c,n,b,t,?,k,k,p,p,p,w,o,e,w,v,p
8023,p,k,s,e,f,y,f,c,n,b,t,?,s,k,w,p,p,w,o,e,w,v,p
8037,p,k,y,e,f,y,f,c,n,b,t,?,k,k,p,w,p,w,o,e,w,v,d
8041,p,k,y,e,f,y,f,c,n,b,t,?,k,s,p,w,p,w,o,e,w,v,p
8045,p,k,y,e,f,y,f,c,n,b,t,?,k,s,w,p,p,w,o,e,w,v,p
8047,p,k,s,e,f,y,f,c,n,b,t,?,s,k,p,w,p,w,o,e,w,v,d
8048,p,k,s,n,f,y,f,c,n,b,t,?,s,k,w,p,p,w,o,e,w,v,d
8062,p,k,y,n,f,y,f,c,n,b,t,?,s,k,p,w,p,w,o,e,w,v,l
8083,p,k,y,n,f,y,f,c,n,b,t,?,s,s,w,w,p,w,o,e,w,v,l
8092,p,k,y,e,f,y,f,c,n,b,t,?,s,s,p,p,p,w,o,e,w,v,p
8093,p,x,s,n,f,y,f,c,n,b,t,?,k,k,w,w,p,w,o,e,w,v,d
8098,p,k,s,e,f,y,f,c,n,b,t,?,k,k,w,p,p,w,o,e,w,v,d
8108,p,k,y,e,f,y,f,c,n,b,t,?,k,s,p,w,p,w,o,e,w,v,l
8113,p,k,y,e,f,y,f,c,n,b,t,?,k,k,p,p,p,w,o,e,w,v,d
8117,p,k,s,e,f,y,f,c,n,b,t,?,k,s,p,w,p,w,o,e,w,v,d
8122,p,k,y,n,f,y,f,c,n,b,t,?,s,k,w,w,p,w,o,e,w,v,l
